[
    {
      "title": "HTML",
      "imageSrc": "skills/html.png"
    },
    {
      "title": "CSS",
      "imageSrc": "skills/css.png"
    },
    {
      "title": "JavaScript",
      "imageSrc": "skills/javascript.png"
    },
    {
      "title": "React",
      "imageSrc": "skills/react.png"
    },
    {
      "title": "Python",
      "imageSrc": "skills/_Python.png"
    },
    {
      "title":"C",
      "imageSrc":"skills/clang.png"
    },
    {
      "title": "Bootstrap",
      "imageSrc": "skills/bootstrap.png"
    }
    
  ]